regime,target_ai,kernel_fma,true_ai,achieved_ai,power_cap_w,runtime_s,avg_power_w,peak_power_w,avg_clock_mhz,avg_temp_c,total_energy_j,perf_deg_pct,energy_saved_j,energy_saved_pct,achieved_bw_gbs,achieved_tflops
DRAM,0.0,0,0.0,0.0,250,80.357078125,208.69250617283953,218.504,2658.703703703704,71.34567901234568,16769.920022632912,0.0,0.0,0.0,476.20631421040736,0.0
DRAM,0.0,0,0.0,0.0,240,80.2555390625,217.59295061728395,220.949,2655.0,78.37037037037037,17463.039547990065,-0.1263598240120789,-693.1195253571532,-4.13311169296997,476.80880898231146,0.0
DRAM,0.0,0,0.0,0.0,230,80.327234375,218.25037037037035,221.286,2653.703703703704,79.12345679012346,17531.448653171294,-0.037138918806345345,-761.5286305383815,-4.541039131436597,476.38323779429885,0.0
DRAM,0.0,0,0.0,0.0,220,80.3201796875,217.51486419753087,219.76,2651.6666666666665,78.51851851851852,17470.83297704784,-0.045918092545127465,-700.9129544149291,-4.179584359788046,476.42507951932924,0.0
DRAM,0.0,0,0.0,0.0,210,80.3341328125,208.13044444444444,210.489,2611.6666666666665,76.95061728395062,16719.978766324653,-0.02855418966865031,49.941256308258744,0.29780259083440674,476.34232990275984,0.0
DRAM,0.0,0,0.0,0.0,200,80.34221875,198.60796296296297,200.524,2574.259259259259,75.17283950617283,15956.60440586227,-0.01849168156274894,813.315616770642,4.84984791622727,476.2943890521321,0.0
DRAM,0.0,0,0.0,0.0,190,80.3125859375,188.84575308641976,194.419,2515.0,74.14814814814815,15166.690773684993,-0.05536810015763782,1603.2292489479187,9.560148449033619,476.4701266673617,0.0
DRAM,0.0,0,0.0,0.0,180,80.332140625,178.9036172839506,185.255,2445.0,72.9753086419753,14371.710541975499,-0.031033358332432925,2398.209480657413,14.300661406976046,476.35414289850445,0.0
DRAM,0.0,0,0.0,0.0,170,80.316875,169.0363086419753,175.303,2355.0,71.96296296296296,13576.468071658948,-0.05003059585798608,3193.451950973964,19.042738108852262,476.44468232390767,0.0
DRAM,0.0,0,0.0,0.0,160,80.3167578125,159.0854938271605,164.918,2238.703703703704,70.09876543209876,12777.231079198013,-0.050176429308790294,3992.6889434348996,23.808634376588035,476.4453774884378,0.0
DRAM,0.0,0,0.0,0.0,150,80.3623125,149.2145925925926,154.867,2091.1111111111113,68.98765432098766,11991.229719486111,0.006513894136195297,4778.690303146801,28.49560580311305,476.1752966556805,0.0
DRAM,0.0,0,0.0,0.0,140,80.37684375,143.31643209876546,144.877,1991.4814814814815,67.98765432098766,11519.322469609957,0.024597242036672462,5250.597553022955,31.309615942930424,476.0892093952619,0.0
DRAM,0.0,0,0.0,0.0,130,80.3805078125,143.53164197530864,144.954,1984.8148148148148,68.49382716049382,11537.146269137249,0.029156967931998068,5232.773753495663,31.2033315986805,476.0675073599517,0.0
DRAM,0.0,0,0.0,0.0,120,80.3601171875,143.3351851851852,144.772,1981.6666666666667,68.98765432098766,11518.432278573495,0.003781947490999471,5251.487744059417,31.314924203406687,476.1883050187532,0.0
DRAM,0.0,0,0.0,0.0,110,80.28325,143.41274074074076,144.754,1975.9259259259259,69.4320987654321,11513.640918074076,-0.09187507401048345,5256.2791045588365,31.343495362320695,476.64423145081946,0.0
DRAM,0.0,0,0.0,0.0,100,80.3027421875,143.06818518518517,145.222,1972.962962962963,69.74074074074075,11488.767590159432,-0.06761811002570228,5281.15243247348,31.491816450799792,476.5285337986952,0.0
DRAM,10.0,40,10.0,10.0,250,79.4563828125,246.59892499999995,250.094,2619.75,81.95,19593.858585950973,0.0,0.0,0.0,471.0368199943786,4.710368199943786
DRAM,10.0,40,10.0,10.0,240,79.466390625,238.00221249999998,240.349,2582.0625,82.6875,18913.17678813926,0.01259535375983667,680.6817978117142,3.473954835520611,470.97749871228655,4.709774987122866
DRAM,10.0,40,10.0,10.0,230,79.4791875,228.331425,231.692,2551.3125,80.9375,18147.596139717185,0.02870088807567228,1446.262446233788,7.3812028390915065,470.9016670339767,4.709016670339767
DRAM,10.0,40,10.0,10.0,220,79.4853125,218.22502500000002,224.068,2509.875,79.2875,17345.684307445314,0.03640951988499452,2248.1742785056595,11.47387212500159,470.865380170154,4.70865380170154
DRAM,10.0,40,10.0,10.0,210,79.51503125,208.21215,214.892,2455.5,77.9375,16555.995613879688,0.07381211606172222,3037.862972071285,15.504158911555423,470.6893941924471,4.706893941924471
DRAM,10.0,40,10.0,10.0,200,79.53815625,198.4900625,200.404,2404.5,75.9625,15787.533605197264,0.10291613411721467,3806.3249807537086,19.426112340541685,470.5525455055541,4.705525455055541
DRAM,10.0,40,10.0,9.999999999999998,190,79.57175,188.777275,195.649,2322.375,74.95,15021.338131981249,0.14519561980594897,4572.520453969724,23.33649818851033,470.3538867532259,4.7035388675322585
DRAM,10.0,40,10.0,10.0,180,79.6271875,178.673175,185.323,2203.6875,73.075,14227.242406945312,0.21496660363091724,5366.616179005661,27.389276877059775,470.0264201627867,4.700264201627867
DRAM,10.0,40,10.0,10.0,170,79.6965546875,168.9,176.269,2096.4375,71.975,13460.74808671875,0.3022688253588868,6133.110499232223,31.30118793257871,469.617313257912,4.69617313257912
DRAM,10.0,40,10.0,10.000000000000002,160,79.7878515625,159.20318749999998,165.414,1964.25,70.9625,12702.480292526854,0.41717070204692064,6891.378293424119,35.17111376094813,469.0799558494003,4.690799558494003
DRAM,10.0,40,10.0,10.0,150,82.4683203125,149.1517951807229,153.534,715.1204819277109,69.08433734939759,12300.29802014825,3.790680362466947,7293.560565802723,37.22370728465037,453.83344472681205,4.53833444726812
DRAM,10.0,40,10.0,10.0,140,98.678109375,140.2949090909091,145.835,426.8181818181818,67.97979797979798,13844.036384028412,24.19154494845197,5749.822201922561,29.345022455379215,379.28251894272773,3.7928251894272775
DRAM,10.0,40,10.0,10.0,130,96.4511796875,140.74457731958762,143.734,436.2371134020619,68.49484536082474,13574.980517092783,21.388837842145513,6018.87806885819,30.718186734152486,388.0396487582463,3.880396487582463
DRAM,10.0,40,10.0,10.0,120,100.6983125,139.41765346534652,142.155,416.28712871287127,68.98019801980197,14039.122436670172,26.73407589875618,5554.736149280801,28.349373477991787,371.67337723018943,3.7167337723018945
DRAM,10.0,40,10.0,10.000000000000002,110,100.735484375,139.47416831683168,140.684,417.029702970297,68.97029702970298,14049.997903196318,26.780858641292692,5543.8606827546555,28.293869012250955,371.53622797831514,3.7153622797831516
DRAM,10.0,40,10.0,10.0,100,101.049640625,139.60978431372547,143.499,415.88235294117646,68.98039215686275,14107.51853263572,27.176240659552107,5486.340053315253,28.000304428291745,370.38114788699676,3.7038114788699676
DRAM,20.0,80,20.0,20.0,250,80.11371875,247.30341975308644,250.187,2537.962962962963,81.74074074074075,19812.396616011963,0.0,0.0,0.0,468.27096910694837,9.365419382138967
DRAM,20.0,80,20.0,20.000000000000004,240,80.1581328125,238.2533333333333,244.623,2479.814814814815,82.32098765432099,19097.942336354165,0.05543877277571774,714.4542796577989,3.6060972001761358,468.01150926976,9.360230185395201
DRAM,20.0,80,20.0,19.999999999999996,230,80.179328125,228.03045679012345,236.296,2431.8518518518517,80.90123456790124,18283.32881746894,0.08189530585234195,1529.067798543023,7.7177326306261325,467.88779096948815,9.357755819389762
DRAM,20.0,80,20.0,20.000000000000004,220,80.213375,218.3367901234568,226.266,2395.3703703703704,78.93827160493827,17513.530822469136,0.12439348909889514,2298.8657935428273,11.603168652927796,467.6891942001443,9.353783884002887
DRAM,20.0,80,20.0,20.000000000000007,210,80.2407265625,208.2229506172839,216.635,2329.4444444444443,77.61728395061728,16707.96084451842,0.1585344114362508,3104.435771493543,15.669158212715182,467.5297735321899,9.3505954706438
DRAM,20.0,80,20.0,20.000000000000004,200,80.3057578125,198.35933333333332,205.539,2239.259259259259,75.93827160493827,15929.396582515625,0.23970808682500788,3883.000033496339,19.598840608501547,467.15116997482096,9.34302339949642
DRAM,20.0,80,20.0,19.999999999999996,190,80.3615390625,188.52724691358026,195.303,2132.037037037037,74.91358024691358,15150.339717191262,0.30933567479665136,4662.0568988207015,23.531009343175196,466.8269069442201,9.336538138884402
DRAM,20.0,80,20.0,20.0,180,80.433171875,178.72872839506172,184.547,2017.037037037037,72.95061728395062,14375.718530000193,0.39874958993835197,5436.678086011771,27.440789680224558,466.41115653284686,9.328223130656937
DRAM,20.0,80,20.0,20.0,170,81.5505625,168.91501219512193,176.238,1417.5,71.9390243902439,13775.114259206553,1.7935052478137425,6037.28235680541,30.472246613144243,460.0204776984095,9.20040955396819
DRAM,20.0,80,20.0,20.0,160,91.50240625,159.16541304347828,162.269,670.7608695652174,70.0,14564.0182852534,14.215652047733718,5248.378330758564,26.49037586152972,409.98843916002477,8.199768783200495
DRAM,20.0,80,20.0,20.0,150,104.4909296875,149.27736190476193,158.494,582.1428571428571,68.98095238095237,15598.13032672597,30.42826037519322,4214.2662892859935,21.270855671646064,359.025695627549,7.18051391255098
DRAM,20.0,80,20.0,19.999999999999996,140,121.09503125,138.76877049180325,139.994,504.4672131147541,67.92622950819673,16804.208599228994,51.15392611830292,3008.1880167829695,15.183362594063027,309.7974238131591,6.195948476263182
DRAM,20.0,80,20.0,20.0,130,142.49396875,129.17615384615385,134.441,430.0699300699301,66.99300699300699,18406.82282939904,77.86462914630334,1405.5737866129239,7.094415753200542,263.2738006170805,5.26547601234161
DRAM,20.0,80,20.0,20.0,120,175.858203125,119.43506818181818,125.97,346.3636363636364,65.99431818181819,21003.636480566405,119.51072284358287,-1191.2398645544417,-6.012598514163131,213.32487226176417,4.2664974452352835
DRAM,20.0,80,20.0,20.0,110,218.40609375,109.78648858447488,117.838,279.24657534246575,65.01826484018265,23978.038118264125,172.6200919864302,-4165.641502252161,-21.025429598383756,171.76685903629465,3.4353371807258926
DRAM,20.0,80,20.0,20.0,100,277.9603125,100.15860791366906,101.902,218.47122302158274,63.16187050359712,27840.117955248425,246.95719639153558,-8027.721339236461,-40.51867875867489,134.965054472746,2.69930108945492
DRAM,30.0,120,30.0,30.0,250,80.0463515625,247.36035802469135,250.049,2419.814814814815,80.34567901234568,19800.294181070312,0.0,0.0,0.0,466.47187786498307,13.994156335949492
DRAM,30.0,120,30.0,30.000000000000004,240,80.06709375,238.19754320987656,244.815,2343.703703703704,81.85185185185185,19071.785023204862,0.02591272068632744,728.5091578654501,3.679284515691323,466.35103362422217,13.990531008726666
DRAM,30.0,120,30.0,30.0,230,80.0921171875,228.38582716049382,235.87,2284.6296296296296,80.88888888888889,18291.90443290239,0.05717390500210584,1508.3897481679232,7.618016855577782,466.20533007245274,13.986159902173583
DRAM,30.0,120,30.0,30.0,220,80.107609375,218.22256790123456,227.139,2211.8518518518517,78.92592592592592,17481.28822624151,0.07652792576331446,2319.005954828801,11.71197727479141,466.1151695940246,13.983455087820738
DRAM,30.0,120,30.0,30.0,210,80.125859375,208.67490123456793,217.467,2138.5185185185187,77.93827160493827,16720.255791413005,0.0993272159792502,3080.0383896573076,15.555518324580847,466.00900409500287,13.980270122850087
DRAM,30.0,120,30.0,30.0,200,80.1605390625,198.4513950617284,207.076,2050.0,75.93827160493827,15907.9708058533,0.1426517233716007,3892.3233752170127,19.657906794830314,465.80739558758495,13.974221867627548
DRAM,30.0,120,30.0,30.0,190,80.800046875,188.82743209876543,197.738,1665.5555555555557,74.32098765432099,15257.265364866127,0.941573598031531,4543.028816204185,22.94424908366998,462.12067162987023,13.863620148896107
DRAM,30.0,120,30.0,30.0,180,86.43896875,178.89701149425287,190.058,860.8620689655172,72.95402298850574,15463.673186020114,7.98614435600935,4336.620995050198,21.901800828778295,431.97382464838813,12.959214739451642
DRAM,30.0,120,30.0,29.999999999999996,170,97.4199140625,169.30779591836736,180.306,757.5,71.96938775510205,16493.950928478636,21.704377727240633,3306.343252591676,16.698455196451786,383.28274346089887,11.498482303826965
DRAM,30.0,120,30.0,30.0,160,108.524515625,159.44719266055046,171.229,678.1651376146789,70.97247706422019,17303.929351252293,35.57709190563709,2496.3648298180196,12.607715860124042,344.06393536575615,10.321918060972685
DRAM,30.0,120,30.0,30.000000000000007,150,122.8229375,149.38291056910572,157.974,597.1951219512196,69.97560975609755,18347.64788839736,53.43976971155284,1452.646292672951,7.336488434912877,304.0097614470424,9.120292843411274
DRAM,30.0,120,30.0,30.000000000000004,140,138.789734375,139.48848201438847,146.398,526.8345323741007,68.97122302158273,19359.56936714894,73.3867086579621,440.7248139213734,2.225849827740033,269.0355457321625,8.071066371964877
DRAM,30.0,120,30.0,30.000000000000004,130,164.68990625,129.62453333333332,130.038,444.27272727272725,67.30909090909091,21347.852242366665,105.74317634128585,-1547.5580612963531,-7.815833679763536,226.7253214226661,6.801759642679984
DRAM,30.0,120,30.0,30.0,120,201.633828125,119.75741584158418,127.833,363.41584158415844,66.0940594059406,24147.146202496137,151.89633779568928,-4346.852021425824,-21.953471911450425,185.18406497967192,5.555521949390157
DRAM,30.0,120,30.0,30.000000000000004,110,250.687859375,109.78676892430279,115.994,291.51394422310756,64.99601593625498,27522.210089331238,213.17837038364388,-7721.915908260926,-38.99899586160348,148.9476675204467,4.468430025613402
DRAM,30.0,120,30.0,30.000000000000007,100,319.9904375,99.8389875,108.233,228.9375,63.134375,31947.52128968203,299.75643018551847,-12147.227108611718,-61.34872036509861,116.68902427623325,3.500670728286998
DRAM,40.0,160,40.0,40.0,250,80.239453125,247.33616049382715,249.956,2294.074074074074,80.45679012345678,19846.11825606192,0.0,0.0,0.0,464.6868872750932,18.58747549100373
DRAM,40.0,160,40.0,40.0,240,80.32778125,237.5208024691358,240.293,2202.4074074074074,81.85185185185185,19079.5190630652,0.11008066675430861,766.5991929967204,3.862716039004583,464.17591932818385,18.567036773127356
DRAM,40.0,160,40.0,40.00000000000001,230,80.4031484375,228.3016049382716,237.329,2140.740740740741,80.90123456790124,18356.167830371334,0.20400850968536055,1489.9504256905857,7.507515608174339,463.7408165464541,18.549632661858166
DRAM,40.0,160,40.0,40.0,220,80.5316171875,218.25254320987656,228.872,2070.740740740741,79.09876543209876,17576.230259976084,0.3641152215293264,2269.8879960858358,11.43744064606945,463.00103004884784,18.520041201953916
DRAM,40.0,160,40.0,39.99999999999999,210,80.086203125,208.30141975308646,216.012,1987.4074074074074,77.53086419753086,16682.06981357157,-0.1909908331020893,3164.0484424903516,15.942908339387252,465.57609493753864,18.62304379750154
DRAM,40.0,160,40.0,40.0,200,82.6536953125,198.71719277108437,206.938,1150.6626506024097,75.93975903614458,16424.710304656535,3.0087969115878854,3421.4079514053847,17.239683384232222,451.1137895086111,18.044551580344443
DRAM,40.0,160,40.0,39.99999999999999,190,90.027578125,188.78636263736266,198.304,1034.8351648351647,74.9010989010989,16995.97901126975,12.198643708041867,2850.1392447921717,14.361192491239983,414.16444256160537,16.566577702464212
DRAM,40.0,160,40.0,40.0,180,99.7516484375,179.16870000000003,189.002,937.5,73.6,17872.373173403907,24.31745799925029,1973.7450826580134,9.945244995479863,373.79053171912153,14.951621268764862
DRAM,40.0,160,40.0,40.0,170,111.03925,169.07561607142856,170.053,837.9910714285714,71.96428571428571,18774.029601859373,38.38485392842712,1072.0886542025473,5.402006782233508,335.79316961625733,13.431726784650293
DRAM,40.0,160,40.0,40.0,160,123.2124453125,159.49800806451614,169.917,757.3790322580645,70.9758064516129,19652.13959610188,53.55593852385194,193.9786599600411,0.9774136053068769,302.61733394499305,12.104693357799722
DRAM,40.0,160,40.0,39.99999999999999,150,138.922546875,149.51505755395684,162.675,669.1726618705036,69.97841726618705,20771.01259155789,73.13496224679061,-924.8943354959702,-4.660328652498404,268.3957539510233,10.735830158040931
DRAM,40.0,160,40.0,39.99999999999999,140,156.362625,139.66287898089172,145.379,595.891719745223,68.96178343949045,21838.054372509556,94.87000335908635,-1991.9361164476359,-10.036905407631574,238.45993701699493,9.538397480679796
DRAM,40.0,160,40.0,40.00000000000001,130,184.557046875,129.63171891891892,130.17,504.1621621621622,67.37297297297297,23924.447225005744,130.00785734106412,-4078.3289689438243,-20.549756462819193,202.03087522616167,8.081235009046468
DRAM,40.0,160,40.0,40.0,120,224.300734375,119.7546488888889,129.285,414.93333333333334,66.41777777777777,26861.055690598056,179.53921124758412,-7014.937434536136,-35.346647359583535,166.23316822037046,6.649326728814818
DRAM,40.0,160,40.0,40.0,110,277.53959375,109.83368345323741,116.996,335.88129496402877,65.0863309352518,30483.195885677607,245.88918909708735,-10637.077629615687,-53.5977740955294,134.34559446281528,5.3738237785126115
DRAM,40.0,160,40.0,40.0,100,351.8671875,99.76456250000001,104.755,264.24715909090907,63.34375,35103.876019042975,338.52141782652507,-15257.757762981055,-76.88031264411434,105.96674834680913,4.238669933872365
DRAM,50.0,200,50.0,50.00000000000001,250,80.177421875,247.30365432098762,249.989,2173.8888888888887,80.5925925925926,19828.16942372299,0.0,0.0,0.0,462.4550378306611,23.12275189153306
DRAM,50.0,200,50.0,50.0,240,80.1165,237.96274074074074,245.594,2081.6666666666665,81.92592592592592,19064.741918555555,-0.07598382883272636,763.427505167434,3.850216774192213,462.8066960784358,23.14033480392179
DRAM,50.0,200,50.0,50.0,230,80.7694765625,227.90097530864202,235.394,2015.0,80.90123456790124,18407.442483762254,0.7384306874110402,1420.7269399607358,7.165194676322149,459.0651598153719,22.953257990768595
DRAM,50.0,200,50.0,50.00000000000001,220,80.720734375,218.48628395061732,224.879,1308.3333333333333,79.39506172839506,17636.373291358606,0.6776377779358578,2191.796132364383,11.0539510003483,459.3423604660806,22.96711802330403
DRAM,50.0,200,50.0,50.0,210,85.675328125,208.8414302325582,218.528,1244.6511627906978,77.94186046511628,17892.558061268715,6.857175151592521,1935.611362454274,9.761926686678667,432.7786479238302,21.63893239619151
DRAM,50.0,200,50.0,50.00000000000001,200,92.98746875,198.86921505376344,209.607,1133.5483870967741,76.47311827956989,18492.34492014886,15.977124950427335,1335.824503574131,6.737003679098648,398.74676840655474,19.937338420327738
DRAM,50.0,200,50.0,49.99999999999999,190,100.7393515625,189.18479207920794,199.549,1047.3267326732673,74.96039603960396,19058.353279545794,25.645536120576363,769.8161441771954,3.8824367884216544,368.0632453085034,18.403162265425166
DRAM,50.0,200,50.0,50.0,180,110.649671875,179.07592792792792,187.69,946.2162162162163,73.95495495495496,19814.69266593637,38.00602375006213,13.476757786618691,0.06796773569270954,335.09771911709976,16.754885955854988
DRAM,50.0,200,50.0,50.0,170,122.870296875,169.41865853658535,179.445,855.9756097560976,72.96747967479675,20816.520870554494,53.24800174612749,-988.3514468315043,-4.984582417623547,301.7690492283024,15.08845246141512
DRAM,50.0,200,50.0,50.00000000000001,160,136.2826875,159.4323649635037,163.725,771.6788321167883,71.39416058394161,21727.871171707124,69.97639025169768,-1899.7017479841343,-9.580822653811282,272.07016053574665,13.603508026787335
DRAM,50.0,200,50.0,49.99999999999999,150,153.648484375,149.634,159.513,682.6948051948052,70.2012987012987,22991.03731096875,91.63560112290033,-3162.8678872457604,-15.951386230650291,241.3200027139415,12.066000135697074
DRAM,50.0,200,50.0,50.0,140,175.70284375,139.57748295454545,143.349,594.8863636363636,69.0,24524.160678580785,119.14254616957902,-4695.991254857796,-23.683433172804026,211.02932584930343,10.551466292465172
DRAM,50.0,200,50.0,50.00000000000001,130,207.426296875,129.7428028846154,137.977,505.52884615384613,67.9951923076923,26912.069148538838,158.709112895132,-7083.8997248158485,-35.72644339189713,178.75483111339713,8.937741555669858
DRAM,50.0,200,50.0,50.00000000000001,120,243.3135625,119.7058319672131,121.72,430.2663934426229,66.99180327868852,29126.052427969,203.4689277978234,-9297.88300424601,-46.892291494754716,152.3895843922305,7.6194792196115255
DRAM,50.0,200,50.0,50.0,110,303.46409375,109.83965131578948,121.133,345.19736842105266,65.16447368421052,33332.39024436205,278.4907105433166,-13504.220820639064,-68.10624083372127,122.18398627718373,6.109199313859187
DRAM,50.0,200,50.0,50.00000000000001,100,377.76690625,99.77192063492062,106.254,276.74603174603175,63.283068783068785,37690.5297888745,371.1636984773028,-17862.360365151508,-90.08577636915119,98.15166986022349,4.907583493011175
DRAM,60.0,240,60.0,60.0,250,81.86415625,246.99613414634146,250.28,2074.2073170731705,80.8170731707317,20220.130118902056,0.0,0.0,0.0,450.10005588735305,27.006003353241184
DRAM,60.0,240,60.0,60.0,240,80.562234375,238.5188024691358,244.884,1570.7407407407406,82.64197530864197,19215.60766736285,-1.590344217344808,1004.5224515392074,4.967932677150114,457.37387485779993,27.442432491467997
DRAM,60.0,240,60.0,59.99999999999999,230,85.6155625,228.55787209302324,237.044,1464.9418604651162,81.76744186046511,19568.110783047236,4.5824771448737645,652.0193358548204,3.224605044679232,430.37807879024336,25.822684727414597
DRAM,60.0,240,60.0,60.0,220,90.2081171875,218.56058241758245,228.827,1383.7912087912089,79.92307692307692,19715.938631293528,10.19244724396704,504.1914876085284,2.4935125770392705,408.46724720690486,24.50803483241429
DRAM,60.0,240,60.0,59.99999999999999,210,97.7868359375,208.68868367346937,210.718,1269.4897959183672,79.12244897959184,20407.006072390384,19.450123737762226,-186.87595348832838,-0.9242074724021393,376.8100373637882,22.60860224182729
DRAM,60.0,240,60.0,59.99999999999999,200,104.035328125,199.04886666666667,200.384,1194.0,77.95238095238095,20708.114156576044,27.0828808242924,-487.9840376739885,-2.4133575541030483,354.1783542896477,21.25070125737886
DRAM,60.0,240,60.0,60.0,190,113.232171875,189.33360526315786,199.982,1099.078947368421,76.15789473684211,21438.655332871298,38.31715498197663,-1218.525213969242,-6.026297589599326,325.41159189256257,19.524695513553755
DRAM,60.0,240,60.0,60.0,180,123.587375,179.4200241935484,188.538,1004.0322580645161,74.29032258064517,22174.049812517136,50.96640661950267,-1953.9196936150802,-9.663239960006633,298.1458365249363,17.88875019149618
DRAM,60.0,240,60.0,60.0,170,136.632796875,169.4787299270073,179.405,908.6496350364963,72.97080291970804,23156.35288074977,66.90185684897962,-2936.2227618477154,-14.521285197383046,269.67947773919855,16.180768664351913
DRAM,60.0,240,60.0,59.99999999999999,160,151.069375,159.58236842105262,169.241,818.7828947368421,71.97368421052632,24108.008658388157,84.53665428207479,-3887.8785394861006,-19.227762218264154,243.9082130530824,14.634492783184943
DRAM,60.0,240,60.0,60.00000000000001,150,169.235703125,149.58757647058823,159.439,732.9705882352941,70.14117647058823,25315.558682764702,106.72747497473902,-5095.428563862646,-25.199781276874027,217.72628720123092,13.063577232073856
DRAM,60.0,240,60.0,60.0,140,192.977390625,139.60939896373057,140.557,640.7253886010362,68.98445595854922,26941.457518745305,135.72879690554439,-6721.327399843249,-33.24077224191579,190.93978410609986,11.456387046365991
DRAM,60.0,240,60.0,60.00000000000001,130,226.88884375,129.83273127753304,149.35,544.7577092511013,67.99118942731278,29457.59828046393,177.15285192351814,-9237.468161561876,-45.68451393360008,162.40137987523238,9.744082792513943
DRAM,60.0,240,60.0,59.99999999999999,120,265.6833125,119.75738721804511,123.335,465.0563909774436,66.98496240601504,31817.539332435386,224.54168548277198,-11597.40921353333,-57.3557595590936,138.68790236231342,8.321274141738805
DRAM,60.0,240,60.0,60.00000000000001,110,323.6711875,109.72364814814814,116.036,381.2962962962963,65.12962962962963,35514.383492943285,295.3759524639332,-15294.25337404123,-75.63874853477797,113.84102980527423,6.8304617883164545
DRAM,60.0,240,60.0,60.0,100,407.6873125,99.82958088235296,102.704,302.3529411764706,63.615196078431374,40699.253537927856,398.0046593957292,-20479.1234190258,-101.28086861261903,90.38069170547465,5.422841502328478
DRAM,70.0,280,70.0,70.0,250,81.405546875,247.43773170731703,250.312,1767.621951219512,80.89024390243902,20142.80386714367,0.0,0.0,0.0,443.60717925301697,31.05250254771119
DRAM,70.0,280,70.0,70.0,240,87.4650546875,238.59514772727272,248.917,1554.8863636363637,82.45454545454545,20868.73764413805,7.443605558973165,-725.9337769943813,-3.603936084481776,412.874434867631,28.901210440734168
DRAM,70.0,280,70.0,70.0,230,92.820953125,228.34263440860218,230.901,1456.6129032258063,81.48387096774194,21194.980964879876,14.022885034515653,-1052.1770977362066,-5.223588059914965,389.0510042073865,27.233570294517055
DRAM,70.0,280,70.0,70.0,220,97.4468203125,218.99384693877556,230.127,1386.734693877551,79.93877551020408,21340.25405218599,19.705381332468306,-1197.4501850423185,-5.944803876065947,370.5824870320137,25.94077409224096
DRAM,70.0,280,70.0,70.0,210,104.8576875,208.7728476190476,210.386,1279.0,78.0952380952381,21891.438014123214,28.809020423400966,-1748.6341469795443,-8.681185392624824,344.3913926174273,24.107397483219913
DRAM,70.0,280,70.0,70.0,200,110.979078125,198.9078648648649,206.442,1209.8648648648648,76.92792792792793,22074.611474514786,36.328643913431115,-1931.8076073711163,-9.590559587000806,325.39543159741845,22.777680211819295
DRAM,70.0,280,70.0,69.99999999999999,190,121.16078125,189.19409836065572,198.199,1106.6803278688524,75.82786885245902,22922.90476526639,48.83602641481548,-2780.1008981227205,-13.801955857086693,298.0509423280729,20.863565962965097
DRAM,70.0,280,70.0,70.0,180,132.32759375,179.3787368421053,190.014,1017.2932330827068,73.97744360902256,23736.75661623027,62.55353453148829,-3593.9527490865985,-17.842365803645365,272.89912860497395,19.102939002348176
DRAM,70.0,280,70.0,70.00000000000001,170,146.223734375,169.47791836734694,178.329,919.3877551020408,72.97278911564626,24781.69411777487,79.62379713452418,-4638.890250631201,-23.03001251081046,246.9645928489029,17.287521499423203
DRAM,70.0,280,70.0,70.0,160,161.47025,159.56714814814814,167.514,829.9074074074074,71.70987654320987,25765.347303268514,98.35288404602342,-5622.543436124844,-27.9134100357109,223.64543948354574,15.6551807638482
DRAM,70.0,280,70.0,70.0,150,181.5756875,149.69187912087912,159.257,739.8626373626373,70.46153846153847,27180.40586454052,123.05075571670004,-7037.6019973968505,-34.93854204119206,198.88171991510706,13.921720394057493
DRAM,70.0,280,70.0,70.0,140,206.77840625,139.6531739130435,140.161,647.3188405797101,68.98550724637681,28877.26072949321,154.01021697884144,-8734.45686234954,-43.36266648853649,174.64147093341862,12.224902965339302
DRAM,70.0,280,70.0,70.0,130,243.090359375,129.71927459016396,138.86,551.7418032786885,67.99180327868852,31533.50507798726,198.6164563801415,-11390.701210843592,-56.549730047383115,148.55416363534266,10.398791454473987
DRAM,70.0,280,70.0,69.99999999999999,120,287.11184375,119.7803576388889,126.324,466.25,67.0,34390.35932673579,252.6932190393199,-14247.555459592117,-70.73273191540278,125.77706496919113,8.804394547843378
DRAM,70.0,280,70.0,70.0,110,348.73815625,109.79489684813753,118.026,383.81088825214897,65.48137535816619,38289.669892478414,328.39606100244623,-18146.866025334744,-90.09106252052308,103.55071384526197,7.248549969168337
DRAM,70.0,280,70.0,70.0,100,428.63171875,99.82194172494174,106.955,312.16783216783216,63.764568764568764,42786.850450524114,426.5387129063495,-22644.046583380445,-112.41754987406061,84.24967972524315,5.8974775807670206
DRAM,80.0,320,80.0,79.99999999999999,250,87.4557265625,247.63729545454544,250.101,1759.090909090909,81.2159090909091,21657.29959794975,0.0,0.0,0.0,412.9737214768337,33.03789771814669
DRAM,80.0,320,80.0,80.0,240,95.2804296875,238.27699999999996,240.453,1612.65625,82.79166666666667,22703.134944648435,8.947044902094659,-1045.8353466986846,-4.829020081514186,379.05913083549245,30.324730466839394
DRAM,80.0,320,80.0,80.0,230,100.6058203125,228.6486831683168,237.002,1520.6435643564357,81.83168316831683,23003.388333521423,15.036286663975428,-1346.0887355716732,-6.215404323533967,358.99430819002595,28.71954465520208
DRAM,80.0,320,80.0,80.0,220,105.5143828125,219.03600943396228,228.68,1452.0283018867924,79.94339622641509,23111.449349137456,20.648912266590603,-1454.149751187706,-6.714363185543997,342.29377929600446,27.383502343680355
DRAM,80.0,320,80.0,79.99999999999999,210,113.409578125,208.9929298245614,211.129,1349.4736842105262,78.1140350877193,23701.800002511238,29.676560452507527,-2044.5004045614878,-9.44023697559707,318.4644318416205,25.47715454732964
DRAM,80.0,320,80.0,80.00000000000001,200,119.9136796875,198.9787333333333,202.284,1268.5,76.93333333333334,23860.272093557807,37.11358238137099,-2202.972495608057,-10.171962970935711,301.19096467640867,24.0952771741127
DRAM,80.0,320,80.0,80.0,190,130.8302578125,189.25258015267178,197.667,1161.1832061068703,75.55725190839695,24759.963853054873,49.595987541196074,-3102.6642551051227,-14.326182454431416,276.05935711551626,22.084748569241302
DRAM,80.0,320,80.0,80.0,180,142.688390625,179.33668531468533,185.204,1066.2587412587413,74.1118881118881,25589.263007574522,63.15499994506148,-3931.963409624772,-18.15537247310834,253.11741694455736,20.24939335556459
DRAM,80.0,320,80.0,79.99999999999999,170,157.735859375,169.5870506329114,179.109,968.2594936708861,72.9746835443038,26749.959170453916,80.36081292203829,-5092.659572504166,-23.51474868540987,228.97086944010573,18.317669555208457
DRAM,80.0,320,80.0,80.00000000000001,160,174.177109375,159.53958857142862,167.568,875.1428571428571,71.97714285714285,27788.14436824822,99.16032513951475,-6130.84477029847,-28.3084451160239,207.35742482220763,16.588593985776612
DRAM,80.0,320,80.0,79.99999999999999,150,194.963140625,149.59547692307692,155.054,780.5384615384615,70.23589743589744,29165.604004217785,122.92781535085653,-7508.304406268035,-34.668700833684866,185.24997467313446,14.819997973850755
DRAM,80.0,320,80.0,80.0,140,221.505421875,139.64713063063064,145.527,685.6756756756756,69.25225225225225,30932.596583971073,153.27720731552296,-9275.296986021323,-42.82757849874966,163.05206688510546,13.044165350808436
DRAM,80.0,320,80.0,80.00000000000001,130,259.67875,129.79639615384613,137.516,585.75,68.03076923076924,33705.36590773557,196.92595351594412,-12048.06630978582,-55.6305104211902,139.0830665311505,11.126645322492042
DRAM,80.0,320,80.0,80.00000000000001,120,296.2155625,119.8201548821549,120.072,513.1313131313132,66.993265993266,35492.59457725463,238.7034493256543,-13835.294979304883,-63.882825819220045,121.92781688496196,9.754225350796958
DRAM,80.0,320,80.0,79.99999999999999,110,368.690875,109.813135501355,118.261,412.3983739837398,65.2710027100271,40487.101014488144,321.5743090722779,-18829.801416538394,-86.94436409939571,97.95988811216444,7.836791048973154
DRAM,80.0,320,80.0,79.99999999999999,100,447.951125,99.72843973214286,106.897,338.90625,63.732142857142854,44673.466772508094,412.2033085847991,-23016.167174558344,-106.27440909917152,80.62691407009191,6.450153125607352
DRAM,90.0,360,90.0,90.00000000000001,250,98.484390625,247.97898989898988,250.684,1731.5151515151515,81.63636363636364,24422.05970800505,0.0,0.0,0.0,372.4512187951206,33.52060969156086
DRAM,90.0,360,90.0,90.0,240,106.6098046875,238.86557009345793,248.09,1592.803738317757,82.90654205607477,25465.411774231892,8.250458789392546,-1043.352066226842,-4.2721706469534695,344.0643328078135,30.96578995270322
DRAM,90.0,360,90.0,90.00000000000001,230,111.2436796875,228.7087767857143,230.775,1521.294642857143,81.875,25442.40590646994,12.955646048604464,-1020.3461984648893,-4.177969469669426,329.73227264341966,29.675904537907773
DRAM,90.0,360,90.0,89.99999999999999,220,117.667796875,218.92049152542376,226.118,1432.5,79.96610169491525,25759.89192858872,19.478626133805133,-1337.8322205836703,-5.477966381947532,311.7304164328181,28.055737478953628
DRAM,90.0,360,90.0,90.0,210,125.7302578125,209.31638095238094,219.427,1345.357142857143,78.95238095238095,26317.40254152232,27.665162991406778,-1895.3428335172684,-7.7607820805384975,291.74068325921496,26.256661493329347
DRAM,90.0,360,90.0,90.00000000000001,200,133.040234375,199.16269402985074,207.843,1265.2611940298507,77.21641791044776,26496.65149248776,35.08763523915037,-2074.591784482709,-8.494745362540819,275.7108140473087,24.813973264257786
DRAM,90.0,360,90.0,90.0,190,145.267546875,189.42149999999998,197.57,1165.9931506849316,75.96575342465754,27516.796630382807,47.50311795920703,-3094.736922377757,-12.671891557792586,252.50396327088114,22.7253566943793
DRAM,90.0,360,90.0,90.00000000000001,180,158.84140625,179.51486163522011,187.14,1061.9811320754718,74.96855345911949,28514.39306491254,61.285870016520704,-4092.3333569074894,-16.75670850794827,230.92613057608207,20.783351751847388
DRAM,90.0,360,90.0,90.0,170,175.3164375,169.583625,176.878,961.6193181818181,73.17045454545455,29730.79699333594,78.01444105752165,-5308.737285330892,-21.73746747327293,209.22528339977245,18.83027550597952
DRAM,90.0,360,90.0,90.0,160,192.801921875,159.53802590673575,160.825,874.5854922279793,71.97927461139896,30759.238006962194,95.76901542614382,-6337.178298957144,-25.948582448514557,190.25034068051093,17.12253066124598
DRAM,90.0,360,90.0,90.0,150,216.426015625,149.61664976958525,155.608,775.9216589861751,70.9815668202765,32380.93538079241,119.75666829181844,-7958.875672787359,-32.58887975848574,169.48346627668045,15.25351196490124
DRAM,90.0,360,90.0,90.00000000000001,140,244.375875,139.74895102040819,147.105,687.9795918367347,69.57142857142857,34151.27218594439,148.13665744301804,-9729.212477939342,-39.837804813614085,150.09923267006613,13.508930940305953
DRAM,90.0,360,90.0,90.00000000000001,130,285.36784375,129.78212587412588,137.547,589.1958041958042,68.1048951048951,37035.64541799039,189.7594653721299,-12613.585709985338,-51.648328850211044,128.53806805475432,11.568426124927889
DRAM,90.0,360,90.0,90.0,120,325.9525,119.89297239263804,138.781,514.3711656441718,67.00613496932516,39079.41408381135,230.96869253233496,-14657.354375806302,-60.01686406082253,112.5336707666792,10.128030369001127
DRAM,90.0,360,90.0,90.0,110,402.67240625,109.8048635235732,111.476,417.0223325062035,65.66749379652606,44215.38861299008,308.86926719510274,-19793.32890498503,-81.04692700631298,91.09298464768095,8.198368618291287
DRAM,90.0,360,90.0,89.99999999999999,100,491.89540625,99.82905894308942,104.832,340.9146341463415,63.76829268292683,49105.45550436617,399.46534991823734,-24683.395796361117,-101.07008209578001,74.56998145238524,6.711298330714671
DRAM,100.0,400,100.0,100.00000000000001,250,96.3672734375,248.0452371134021,250.427,1785.4639175257732,81.70103092783505,23903.443189776743,0.0,0.0,0.0,347.3352797644571,34.733527976445714
DRAM,100.0,400,100.0,99.99999999999997,240,103.21903125,238.55452884615386,247.894,1666.4423076923076,82.90384615384616,24623.367367800183,7.110046355045818,-719.9241780234406,-3.0118011547865406,324.2788996777375,32.427889967773744
DRAM,100.0,400,100.0,100.00000000000003,230,108.55371875,228.68965137614677,236.185,1578.0275229357799,81.89908256880734,24825.11209652179,12.64583387886724,-921.6689067450461,-3.855799766701537,308.3427658212031,30.834276582120317
DRAM,100.0,400,100.0,100.0,220,114.6126484375,218.8619391304348,220.725,1494.6521739130435,80.92173913043479,25084.346485906048,18.93316511837726,-1180.903296129305,-4.940306242718895,292.04240837174837,29.204240837174837
DRAM,100.0,400,100.0,99.99999999999999,210,122.61665625,209.2018943089431,217.785,1401.219512195122,78.95121951219512,25651.63676132851,27.23889747645949,-1748.1935715517684,-7.313563814519629,272.9788505348514,27.297885053485135
DRAM,100.0,400,100.0,99.99999999999999,200,129.755515625,199.3045,207.044,1321.8461538461538,77.48461538461538,25860.858163882807,34.64686817060802,-1957.4149741060646,-8.188841074340415,257.96016237403785,25.796016237403784
DRAM,100.0,400,100.0,100.00000000000001,190,141.3268125,189.29892253521126,196.777,1206.5492957746478,75.95774647887323,26753.013331585826,46.65436455630236,-2849.570141809083,-11.921170181155388,236.8393745493411,23.68393745493411
DRAM,100.0,400,100.0,100.0,180,154.364109375,179.40942580645162,186.591,1104.774193548387,74.94193548387096,27694.376228093046,60.183124279337896,-3790.9330383163033,-15.859359709054996,216.83637482232584,21.683637482232584
DRAM,100.0,400,100.0,100.0,170,170.2166875,169.42029824561402,170.125,1003.0701754385965,73.18713450292398,28838.161962630482,76.6332920173318,-4934.718772853739,-20.644384717613686,196.64202359449627,19.66420235944963
DRAM,100.0,400,100.0,99.99999999999999,160,187.5479375,159.5109574468085,160.545,912.2074468085107,71.97872340425532,29915.9510777992,94.61787265532232,-6012.507888022457,-25.153313019749163,178.47039176078385,17.847039176078383
DRAM,100.0,400,100.0,100.0,150,209.4529375,149.64673333333332,155.495,813.6428571428571,70.98095238095237,31343.947883945828,117.34861849738114,-7440.504694169085,-31.127334397378004,159.80560730761775,15.980560730761773
DRAM,100.0,400,100.0,99.99999999999999,140,237.60365625,139.656256302521,140.113,717.5420168067227,69.47899159663865,33182.837115666094,146.560525969535,-9279.393925889352,-38.82032329910551,140.8722172369854,14.087221723698539
DRAM,100.0,400,100.0,99.99999999999999,130,278.99940625,129.79726164874552,138.334,611.989247311828,68.0931899641577,36213.3589328759,189.51675843661587,-12309.915743099154,-51.498504401089704,119.97069932671945,11.997069932671945
DRAM,100.0,400,100.0,100.00000000000001,120,318.9331875,119.66316300940439,123.413,534.1222570532915,66.99373040752351,38164.55400492143,230.95591078110914,-14261.11081514469,-59.66132452936329,104.94910906552175,10.494910906552176
DRAM,100.0,400,100.0,99.99999999999999,110,381.32621875,109.71406806282722,115.341,446.66230366492147,65.55497382198953,41836.85071807804,295.70095235423787,-17933.4075283013,-75.02436944302332,87.77721602588335,8.777721602588334
DRAM,100.0,400,100.0,100.0,100,469.4778125,99.84163617021277,104.647,362.90425531914894,64.00425531914894,46873.43294561237,387.1755687935747,-22969.989755835624,-96.09489969068412,71.29570980428814,7.129570980428814
DRAM,110.0,440,110.0,110.00000000000003,250,96.958265625,248.1824536082474,250.807,1769.0721649484535,81.90721649484536,24063.340260412693,0.0,0.0,0.0,322.21690342456554,35.443859376702214
DRAM,110.0,440,110.0,110.0,240,104.67865625,238.87960952380953,248.452,1636.0,82.92380952380952,25005.596530477083,7.962591508040928,-942.2562700643903,-3.915733476181292,298.45236106671933,32.82975971733913
DRAM,110.0,440,110.0,110.00000000000001,230,108.9393203125,228.7063119266055,238.335,1565.6422018348624,81.89908256880734,24915.110172463017,12.356919351093243,-851.7699120503239,-3.5396994051220543,286.7797597918302,31.545773577101325
DRAM,110.0,440,110.0,109.99999999999999,220,115.3754296875,218.92644827586207,227.364,1474.1379310344828,80.90517241379311,25258.73303978583,18.994939672014176,-1195.3927793731382,-4.967692624700628,270.7820217504141,29.78602239254555
DRAM,110.0,440,110.0,110.0,210,123.504375,208.95383064516128,210.322,1378.5483870967741,78.99193548387096,25806.71225768649,27.378902875254486,-1743.3719972737963,-7.244929334028778,252.95939606272248,27.825533566899473
DRAM,110.0,440,110.0,110.0,200,130.78578125,199.40132824427482,207.583,1305.0,77.95419847328245,26078.858496715176,34.88873837309836,-2015.5182363024833,-8.375887198080607,238.87605986299826,26.276366584929807
DRAM,110.0,440,110.0,109.99999999999999,190,142.84071875,189.35626573426575,199.228,1190.13986013986,76.74825174825175,27047.785097298518,47.321858357550425,-2984.4448368858248,-12.402454541174496,218.7162903162303,24.058791934785333
DRAM,110.0,440,110.0,109.99999999999999,180,155.15171875,179.43540384615386,187.924,1098.173076923077,74.96794871794872,27839.711311331128,60.01907392823167,-3776.371050918435,-15.693461547942508,201.36155991571317,22.14977159072845
DRAM,110.0,440,110.0,110.0,170,171.090359375,169.6768546511628,189.243,997.9360465116279,73.1453488372093,29030.074039887084,76.45773495651882,-4966.733779474391,-20.640250795295074,182.6028785329039,20.08631663861943
DRAM,110.0,440,110.0,110.0,160,188.0478125,159.58633862433862,167.773,903.7301587301587,72.01587301587301,30009.861883191137,93.94717024673471,-5946.521622778444,-24.71195419432788,166.13642932487716,18.275007225736488
DRAM,110.0,440,110.0,110.0,150,209.414375,149.61111904761904,150.338,813.1428571428571,70.98095238095237,31330.718988407738,115.98403565709413,-7267.378727995045,-30.201038797389334,149.1855184779173,16.4104070325709
DRAM,110.0,440,110.0,109.99999999999999,140,236.28671875,139.75264135021095,146.035,720.0,69.76793248945148,33021.69306128692,143.6994073964491,-8958.352800874225,-37.22821812735563,132.2189934177331,14.544089275950638
DRAM,110.0,440,110.0,110.0,130,274.3930625,129.82419272727273,136.176,620.6727272727272,68.05818181818182,35622.85782902659,183.00120751051233,-11559.517568613894,-48.03787605343717,113.85707723971338,12.524278496368472
DRAM,110.0,440,110.0,109.99999999999997,120,321.1308125,119.83995962732921,126.933,529.8913043478261,67.01242236024845,38484.30360509142,231.20519476082575,-14420.96334467873,-59.92918351573609,97.28618648546534,10.701480513401185
DRAM,110.0,440,110.0,109.99999999999999,110,383.21075,109.79345833333332,116.111,442.890625,65.60416666666667,42074.033513010414,295.23267823511054,-18010.69325259772,-74.84702064504171,81.52587606455194,8.967846367100712
DRAM,110.0,440,110.0,110.0,100,468.4293125,99.87353091684436,108.087,362.49466950959487,64.04690831556503,46783.6894243249,383.12468202733487,-22720.349163912204,-94.41893319062656,66.69435767024935,7.336379343727428
DRAM,120.0,480,120.0,120.00000000000003,250,91.8301171875,247.8982391304348,250.147,1838.9673913043478,81.69565217391305,22764.524349922725,0.0,0.0,0.0,305.6938954933314,36.683267459199776
DRAM,120.0,480,120.0,119.99999999999999,240,99.954609375,238.55588,246.533,1681.35,82.88,23844.759799509375,8.847306783798725,-1080.2354495866493,-4.745258161259654,280.8465404665687,33.70158485598824
DRAM,120.0,480,120.0,120.0,230,103.860046875,228.64190384615387,230.459,1618.4134615384614,81.91346153846153,23746.75885105078,13.100200735818657,-982.2345011280559,-4.314759605910194,270.28590002892776,32.43430800347133
DRAM,120.0,480,120.0,120.0,220,110.039890625,218.81240540540537,227.508,1527.027027027027,80.76576576576576,24078.093158203967,19.829848850480115,-1313.5688082812412,-5.7702449130491065,255.10663530483677,30.61279623658041
DRAM,120.0,480,120.0,120.0,210,117.4482421875,209.13028813559322,217.142,1434.5338983050847,78.94067796610169,24561.984729690812,27.897301870684288,-1797.4603797680866,-7.895883753767902,239.01512465244616,28.68181495829354
DRAM,120.0,480,120.0,120.0,200,124.7719453125,199.06316800000002,200.577,1352.16,77.864,24837.498711429,35.87257550563605,-2072.974361506276,-9.106161541711778,224.98572236209,26.9982866834508
DRAM,120.0,480,120.0,120.0,190,136.150984375,189.37209489051094,197.695,1237.2262773722628,75.96350364963503,25783.19713249897,48.26397759789967,-3018.6727825762464,-13.260425459258467,206.18217617389882,24.741861140867858
DRAM,120.0,480,120.0,120.00000000000001,180,148.12009375,179.29261744966442,180.138,1131.6442953020135,74.90604026845638,26556.83930532718,61.29794699876769,-3792.314955404454,-16.658880708910253,189.52125627219974,22.74255075266397
DRAM,120.0,480,120.0,120.0,170,163.37921875,169.41370731707315,170.551,1029.5121951219512,72.9939024390244,27678.679147004572,77.91463601904162,-4914.1547970818465,-21.58689863905954,171.8205440167463,20.61846528200956
DRAM,120.0,480,120.0,120.0,160,179.428921875,159.58721666666668,168.118,937.4166666666666,71.97777777777777,28634.562231532032,95.39223881054137,-5870.037881609307,-25.785901745095032,156.4514012195449,18.774168146345385
DRAM,120.0,480,120.0,119.99999999999999,150,199.648921875,149.716685,157.825,843.0,70.695,29890.774746948988,117.41115876761228,-7126.250397026262,-31.304191941310876,140.60635030241633,16.87276203628996
DRAM,120.0,480,120.0,120.0,140,225.083578125,139.7107831858407,145.599,745.4203539823009,69.72566371681415,31446.602982115113,145.1086691585303,-8682.078632192388,-38.13863403749026,124.71770033381239,14.966124040057487
DRAM,120.0,480,120.0,120.0,130,264.34875,129.83030188679245,136.49,635.3207547169811,68.11698113207547,34320.478015896224,187.86715959454682,-11555.953665973499,-50.76299196215239,106.19269524314377,12.743123429177253
DRAM,120.0,480,120.0,120.0,120,303.16428125,119.81043092105263,126.387,553.2730263157895,67.17434210526316,36322.243176433694,230.13600606759002,-13557.718826510969,-59.55634573386986,92.59635116284333,11.1115621395412
DRAM,120.0,480,120.0,119.99999999999999,110,362.54921875,109.82347933884299,116.375,462.64462809917353,65.56749311294766,39816.41663470429,294.80426449826047,-17051.892284781567,-74.90555050775505,77.42922834985698,9.291507401982837
DRAM,120.0,480,120.0,120.00000000000001,100,440.5175625,99.86755102040817,117.517,380.68027210884355,63.981859410430836,43993.4101483546,379.7092457157004,-21228.88579843187,-93.25424714399504,63.72482878399655,7.646979454079586
DRAM,130.0,520,130.0,130.0,250,90.87590625,247.72673626373629,250.204,1832.142857142857,81.75824175824175,22512.391660321773,0.0,0.0,0.0,289.4259208533835,37.62536971093986
DRAM,130.0,520,130.0,130.0,240,99.1516328125,238.54846999999998,246.84,1674.6,83.17,23652.47030542367,9.106623420880599,-1140.0786451018976,-5.064227125682488,265.26888265703013,34.484954745413916
DRAM,130.0,520,130.0,130.0,230,102.960109375,228.9854174757282,237.839,1619.2718446601941,81.92233009708738,23576.363628581013,13.297477432308957,-1063.9719682592404,-4.726161415068562,255.4566327624591,33.209362259119686
DRAM,130.0,520,130.0,130.0,220,108.7328515625,218.88311926605502,228.681,1533.7155963302753,80.71559633027523,23799.785716692946,19.649812639420027,-1287.394056371173,-5.718601896217952,241.89416971809678,31.44624206335258
DRAM,130.0,520,130.0,130.0,210,115.8264765625,209.1398706896552,217.906,1438.7068965517242,78.9396551724138,24223.93433071963,27.455649513811586,-1711.5426703978555,-7.602669215348007,227.07971122301657,29.520362458992157
DRAM,130.0,520,130.0,130.0,200,123.0117890625,199.25961788617886,215.448,1353.1707317073171,77.92682926829268,24511.282084088987,35.362379467329944,-1998.890423767214,-8.879067377324775,213.8156273495748,27.796031555444724
DRAM,130.0,520,130.0,130.00000000000003,190,134.066625,189.43198518518517,198.117,1242.0,75.96296296296296,25396.506920827775,47.52713951614649,-2884.1152605060015,-12.811234381592925,196.18486591865798,25.50403256942554
DRAM,130.0,520,130.0,130.0,180,145.946515625,179.3942397260274,188.603,1135.7876712328766,74.95890410958904,26181.96421120965,60.59979113000591,-3669.5725508878786,-16.300234138852172,180.21562719162725,23.428031534911543
DRAM,130.0,520,130.0,129.99999999999997,170,160.82484375,169.57021739130434,176.872,1033.136645962733,73.54037267080746,27271.103716610054,76.97192840924214,-4758.712056288281,-21.138189704986075,163.5434068300906,21.260642887911775
DRAM,130.0,520,130.0,130.0,160,176.154109375,159.47164971751414,160.106,941.6101694915254,71.9774011299435,28091.58642655067,93.84027807150477,-5579.1947662288985,-24.78277230784974,149.31154852482135,19.410501308226777
DRAM,130.0,520,130.0,129.99999999999997,150,196.01615625,149.74992346938777,158.737,848.6479591836735,70.9795918367347,29353.404397201055,115.69650784087777,-6841.012736879282,-30.387765281005695,134.18201516127323,17.44366197096552
DRAM,130.0,520,130.0,130.0,140,221.079171875,139.6978783783784,152.791,749.3243243243244,69.62612612612612,30884.29126458636,143.27589236558507,-8371.899604264589,-37.18796177049511,118.97024322428385,15.4661316191569
DRAM,130.0,520,130.0,130.0,130,255.8385,129.82605078125,133.981,648.33984375,68.1328125,33214.50209279883,181.52511546480454,-10702.110432477057,-47.53875374041041,102.80643003219609,13.364835904185492
DRAM,130.0,520,130.0,130.0,120,300.7939375,119.7986710963455,127.954,551.5614617940199,67.0299003322259,36034.71398633721,230.99415445994524,-13522.322326015434,-60.066129490135914,87.44139947897719,11.367381932267035
DRAM,130.0,520,130.0,130.0,110,353.63696875,109.83823446327683,116.788,468.3474576271187,65.69491525423729,38842.860288445,289.1427148766398,-16330.468628123228,-72.53990990617748,74.37526382708539,9.6687842975211
DRAM,130.0,520,130.0,130.0,100,423.772875,99.81015330188679,125.238,391.16745283018867,64.06603773584905,42296.835618931305,366.32038401267664,-19784.443958609532,-87.88246161104124,62.065895203396394,8.068566376441531
